column_id,route_theme,spots_count,estimated_days,route_capacity_persons_12day,attraction_score,route_spot_ids,route_sequence,allocated_visitors,allocation_share,binding_capacity_upper,optimization_status
COL001,North_Kanas,5,6,13600,11.0,P001;P023;P022;P018;P019,天山天池 -> 世界魔鬼城 -> 五彩滩 -> 喀纳斯湖 -> 禾木村,13600,0.1278700238816074,13600,Optimization terminated successfully
COL002,Ili_Lake_Grass,6,7,17485,27.0,P033;P009;P010;P014;P017;P008,巴音布鲁克草原 -> 那拉提草原 -> 喀拉峻大草原 -> 霍城薰衣草花田 -> 果子沟大桥 -> 赛里木湖,17485,0.16439760055661068,17485,Optimization terminated successfully
COL003,East_Heritage,8,4,15300,46.0,P002;P013;P011;P003;P004;P012;P005;P006,达坂城古镇 -> 吐峪沟麻扎村 -> 高昌故城 -> 火焰山 -> 葡萄沟 -> 苏公塔 -> 坎儿井民俗园 -> 交河故城,9702,0.09122021850730551,15300,Optimization terminated successfully
COL004,South_Culture,8,7,4371,22.0,P028;P027;P025;P024;P026;P031;P029;P030,石头城遗址 -> 帕米尔高原白沙湖 -> 艾提尕尔清真寺 -> 喀什古城 -> 香妃园 -> 克孜尔石窟 -> 天山神秘大峡谷 -> 库车王府,4371,0.041097049587243084,4371,Optimization terminated successfully
COL005,Bazhou_Desert,5,5,12240,13.0,P034;P032;P030;P029;P033,罗布人村寨 -> 博斯腾湖 -> 库车王府 -> 天山神秘大峡谷 -> 巴音布鲁克草原,12240,0.11508302149344667,12240,Optimization terminated successfully
COL006,Hotan_Plus,4,5,12240,9.0,P024;P040;P037;P039,喀什古城 -> 奥依塔克冰川 -> 和田博物馆 -> 千里葡萄长廊,12240,0.11508302149344667,12240,Optimization terminated successfully
COL007,Short_Urumqi_East,5,3,20400,26.0,P001;P002;P004;P003;P006,天山天池 -> 达坂城古镇 -> 葡萄沟 -> 火焰山 -> 交河故城,20400,0.1918050358224111,20400,Optimization terminated successfully
COL008,SilkRoad_Deep,7,6,10200,34.0,P013;P011;P012;P006;P030;P031;P024,吐峪沟麻扎村 -> 高昌故城 -> 苏公塔 -> 交河故城 -> 库车王府 -> 克孜尔石窟 -> 喀什古城,10200,0.09590251791120555,10200,Optimization terminated successfully
COL009,Border_Pamir,4,5,6120,10.0,P028;P027;P040;P024,石头城遗址 -> 帕米尔高原白沙湖 -> 奥依塔克冰川 -> 喀什古城,6120,0.05754151074672333,6120,Optimization terminated successfully
